<?xml version="1.0" encoding="UTF-8"?>
<Configuration status="warn">
  <Appenders>
    <Console name="Consolita" target="SYSTEM_OUT">
      <PatternLayout pattern="%d{yyyy:MM:dd HH:mm:ss.SSS} [%t] %-5level %logger{36} - %msg%n"/>
    </Console>
    <File name="LogToFile" fileName="logs/app.log">
         <PatternLayout pattern="%d{yyyy:MM:dd HH:mm:ss.SSS} [%t] %-5level %logger{36} - %msg%n"/>
     </File>
  </Appenders>
  <Loggers>
    <Root level="trace">
      <AppenderRef ref="Consolita"/>
    </Root>
  </Loggers>
</Configuration>